"Kermadec Sequence - Locatable Events",,,,,,,,,,,,
"From 2019/03/03 00:00:00 UTC to 2019/03/13 23:59:59 UTC",,,"P - S 30 sec @ GLKS",,,,,,,,,
"Date (UTC)","Arrival time on GLKZ","Event triggered autolocation Y/N","Artificial Event created by GHA","Event ID (if applicable)","Reached Mainland",MLv,mB,"Did USGS Locate Y/N","USGS Magnitude (mww)","Max Amplitude (Z) @ GLKZ","Max Amplitude (Z) @ HAZ",Comments
2019/03/03,01:49:52,No,No,N/A,No,N/A,N/A,No,N/A,,,
2019/03/03,02:01:59,No,No,N/A,No,N/A,N/A,No,N/A,,,
2019/03/03,03:59:44,No,No,N/A,No,N/A,N/A,No,N/A,,,
2019/03/03,04:58:25,No,No,N/A,No,N/A,N/A,No,N/A,,,
2019/03/03,05:04:00,No,No,N/A,No,N/A,N/A,No,N/A,,,
2019/03/03,05:24:57,No,No,N/A,No,N/A,N/A,No,N/A,,,
2019/03/03,05:55:25,No,No,N/A,No,N/A,N/A,No,N/A,,,
2019/03/03,07:01:40,No,No,N/A,No,N/A,N/A,No,N/A,,,
2019/03/03,07:26:47,No,No,N/A,No,N/A,N/A,No,N/A,,,
2019/03/03,08:17:56,No,No,N/A,No,N/A,N/A,No,N/A,,,
2019/03/03,10:31:42,Yes,N/A,2019p166052,Yes,5.85,5.64,Yes,5.4,,,
2019/03/03,11:00:06,No,No,N/A,No,N/A,N/A,No,N/A,,,
2019/03/03,22:54:07,Yes,N/A,2019p167447,Yes,5.44,5.05,No,N/A,,,
2019/03/04,01:11:19,No,No,N/A,Yes,N/A,N/A,No,N/A,,,"Can see arrival on some mainland broadbands, but not good enough signal to locate accurately and commit"
2019/03/04,01:54:59,No,No,N/A,No,N/A,N/A,No,N/A,,,
2019/03/04,02:07:07,No,Yes,2019p167805,Yes,4.24,4.55,No,N/A,,,
2019/03/04,03:49:18,No,No,N/A,No,N/A,N/A,No,N/A,,,
2019/03/04,04:57:56,No,No,N/A,No,N/A,N/A,No,N/A,,,
2019/03/04,12:29:34,Yes,N/A,2019p168973,Yes,4.21,4.53,No,N/A,,,
2019/03/04,14:02:07,No,No,N/A,No,N/A,N/A,No,N/A,,,
2019/03/04,15:20:10,No,Yes,2019p169293,Yes,4.02,4.11,No,N/A,,,
2019/03/04,16:47:20,No,No,n/A,No,N/A,N/A,No,N/A,,,
2019/03/04,18:04:40,No,No,N/A,No,4.11,N/A,No,N/A,,,"Can only find 7 crappy phases arriving on mainland so haven't committed"
2019/03/04,19:04:10,No,No,N/A,No,N/A,N/A,No,N/A,,,
2019/03/04,19:44:58,No,No,N/A,No,N/A,N/A,No,N/A,,,
2019/03/05,06:42:49,No,No,N/A,No,N/A,N/A,No,N/A,,,"Picked up on a couple of mainland but not locatable. PN/AS time about right for swarm"
2019/03/05,07:40:51,No,No,N/A,No,N/A,N/A,No,N/A,,,
2019/03/05,14:40:12,No,No,N/A,No,N/A,N/A,No,N/A,,,
5/03/2019,20:37:25,No,No,N/A,No,N/A,N/A,No,N/A,,,"Very very small if related"
2019/03/05,21:50:20,No,No,N/A,No,N/A,N/A,No,N/A,,,"Waveform looks right, not picked on mainland - M3.4 in Gisbourne just before perhaps masking arrivals"
2019/03/06,01:48:30,Yes,N/A,2019p173177,Yes,5.2,5.14,No,N/A,,,
2019/03/06,03:17:45,No,No,N/A,No,N/A,N/A,No,N/A,,,
2019/03/06,04:04:10,No,No,N/A,No,N/A,N/A,No,N/A,,,
2019/03/06,05:27:05,No,No,N/A,No,N/A,N/A,No,N/A,,,
2019/03/06,15:46:52,Yes,N/A,2019p174751,Yes,6.5,6.4,Yes,6.4,,,
2019/03/06,15:59:30,Yes,N/A,2019p174755,Yes,N/A,4.5,Yes,5,,,
2019/03/06,16:02:45,No,Yes,2019p174795,Yes,5.1,5,No,N/A,,,
2019/03/06,16:11:35,No,Yes,2019p174796,Yes,4.38,4.55,No,N/A,,,
2019/03/06,16:16:10,No,Yes,2019p174803,Yes,4.38,4.22,No,N/A,,,"These three events are overlapping at GLKZ, and not all registering on mainland, so tricky to discern"
2019/03/06,16:16:55,No,Yes,2019p174805,Yes,4.14,4.02,No,N/A,,,
2019/03/06,16:17:30,No,No,N/A,No,N/A,N/A,No,N/A,,,
2019/03/06,16:19:30,No,Yes,2019p174810,Yes,4.46,N/A,No,N/A,,,
2019/03/06,16:27:55,No,No,N/A,No,N/A,N/A,No,N/A,,,
2019/03/06,16:31:03,No,No,N/A,No,N/A,N/A,No,N/A,,,
2019/03/06,16:33:30,No,Yes,2019p174836,Yes,4.17,4.45,No,N/A,,,
2019/03/06,16:36:42,No,No,N/A,No,N/A,N/A,No,N/A,,,
2019/03/06,16:41:45,No,Yes,2019p174851,Yes,4.49,5.76,No,N/A,,,
2019/03/06,16:46:50,No,Yes,2019p174861,Yes,4.12,N/A,No,N/A,,,
2019/03/06,16:48:25,No,No,N/A,No,N/A,N/A,No,N/A,,,
2019/03/06,16:51:50,No,Yes,2019p174870,Yes,3.91,N/A,No,N/A,,,"Magnitude picks are a little tricky"
2019/03/06,16:55:30,No,Yes,2019p174877,Yes,3.69,4.08,No,N/A,,,
2019/03/06,16:59:00,No,No,N/A,No,N/A,N/A,No,N/A,,,
2019/03/06,17:09:30,No,No,N/A,No,N/A,N/A,No,N/A,,,
2019/03/06,17:53:00,No,Yes,2019p174985,Yes,4.52,N/A,No,N/A,,,
2019/03/06,17:55:00,No,No,N/A,No,N/A,N/A,No,N/A,,,
2019/03/06,18:05:15,Yes,N/A,2019p175010,Yes,5.04,4.85,No,N/A,,,
2019/03/06,18:17:27,No,No,N/A,No,N/A,N/A,No,N/A,,,
2019/03/06,18:21:10,No,No,N/A,No,N/A,N/A,No,N/A,,,
2019/03/06,18:34:40,No,No,N/A,No,N/A,N/A,No,N/A,,,
2019/03/06,18:43:30,No,Yes,2019p175080,Yes,4.73,4.67,No,N/A,,,
2019/03/06,18:53:10,No,No,N/A,No,N/A,N/A,No,N/A,,,"Strange signal on the mainland"
2019/03/06,19:10:15,No,Yes,2019p175138,Yes,4.76,N/A,No,N/A,,,
2019/03/06,19:19:05,No,No,N/A,No,N/A,N/A,No,N/A,,,
2019/03/06,19:29:40,No,No,N/A,No,N/A,N/A,No,N/A,,,
2019/03/06,19:43:20,No,No,N/A,Yes,4.16,N/A,No,N/A,,,"Not enough picks to commit but could get to sequence location"
2019/03/06,20:10:23,No,No,N/A,No,N/A,N/A,No,N/A,,,
2019/03/06,20:19:00,No,No,N/A,No,4.14,4.4,No,N/A,,,"Location tricky as overshadowed by event shortly afterwards, so not going to commit. In the region of the sequence"
2019/03/06,20:20:40,Yes,N/A,2019p175264,Yes,6.24,5.91,Yes,5.7,,,
2019/03/06,20:27:42,No,No,N/A,No,N/A,N/A,No,N/A,,,
2019/03/06,20:31:00,No,No,N/A,No,N/A,N/A,No,N/A,,,
2019/03/06,20:33:35,No,No,n/A,No,N/A,N/A,No,N/A,,,
2019/03/06,20:39:00,Yes,N/A,2019p175297,Yes,4.69,4.56,No,N/A,,,"Local event overlapping on mainland may have affected magnitude"
2019/03/06,20:53:20,No,Yes,2019p175328,Yes,4.25,N/A,No,N/A,,,
2019/03/06,20:58:40,No,No,N/A,No,N/A,N/A,No,N/A,,,
2019/03/06,21:24:15,No,No,N/A,No,N/A,N/A,No,N/A,,,
2019/03/06,21:28:45,No,No,N/A,No,N/A,N/A,No,N/A,,,
2019/03/06,21:39:30,No,No,N/A,No,N/A,N/A,No,N/A,,,
2019/03/06,21:43:35,Yes,N/A,2018p175420,Yes,5.27,5.12,Yes,5.1,,,
2019/03/06,21:58:24,No,,N/A,No,N/A,N/A,No,N/A,,,"One of three events in about 5 minutes"
2019/03/06,21:59:45,No,Yes,2019p175448,Yes,4.54,4.56,No,N/A,,,"Arrivals on mainland but difficult to pick as is event is the middle of three in quick succession and arrivals over lap. Committed this as is the largest of the three"
2019/03/06,22:01:20,No,No,N/A,No,N/A,N/A,No,N/A,,,"Arrivals on mainland but difficult to pick as is event is the last of three in quick succession and arrivals over lap. Best esimate of M is MLv4.78"
2019/03/06,22:08:15,,,N/A,No,N/A,N/A,No,N/A,,,
2019/03/06,22:15:50,Yes,N/A,2019p175481,Yes,4.99,4.75,No,N/A,,,
2019/03/06,22:45:15,No,No,N/A,No,N/A,N/A,No,N/A,,,"Events are overlapping on the mainland and not confident enough to discern phases. Best estimate of M is MLv 4.13 for the first and MLv 4.59 for the second"
2019/03/06,22:46:04,No,No,N/A,No,N/A,N/A,No,N/A,,,
2019/03/06,22:55:40,No,No,N/A,No,N/A,N/A,No,N/A,,,
2019/03/06,23:19:18,No,No,N/A,No,N/A,N/A,No,N/A,,,
2019/03/06,23:23:21,No,No,N/A,No,N/A,N/A,No,N/A,,,"Too many phase arrivals on mainland to be confident. Best estimate is MLv of 4.05"
2019/03/06,23:28:50,No,Yes,2019p175615,Yes,4.36,4.43,No,N/A,,,
2019/03/06,23:35:27,No,No,N/A,No,N/A,N/A,No,N/A,,,
2019/03/06,23:40:03,No,Yes,2019p175636,Yes,4.69,4.71,No,N/A,,,
2019/03/06,23:42:30,No,No,N/A,No,N/A,N/A,No,N/A,,,
2019/03/06,23:47:50,No,Yes,2019p175651,Yes,4.23,N/A,No,N/A,,,
2019/03/06,23:53:22,No,No,N/A,No,N/A,N/A,No,N/A,,,
2019/03/07,00:16:10,No,No,N/A,No,N/A,N/A,No,N/A,,,
2019/03/07,00:19:09,No,No,N/A,No,4.2,4,No,N/A,,,"Can only find the trace on 5 mainland stations"
2019/03/07,00:21:52,Yes,N/A,2019p175716,Yes,5.14,5.11,No,N/A,,,
2019/03/07,00:32:58,No,Yes,2019p175736,Yes,4.25,4.21,No,N/A,,,
2019/03/07,00:51:24,No,No,N/A,No,N/A,N/A,No,N/A,,,
2019/03/07,00:55:07,No,No,N/A,No,4.03,4.03,No,N/A,,,"Can only find on 4 mainland stations"
2019/03/07,01:14:15,No,No,N/A,No,N/A,N/A,No,N/A,,,
2019/03/07,01:31:00,No,No,N/A,No,N/A,N/A,No,N/A,,,
2019/03/07,01:49:23,Yes,N/A,2019p175883,Yes,4.2,4.33,No,N/A,,,
2019/03/07,02:11:40,No,Yes,2019p175921,Yes,4.57,4.56,No,N/A,,,"There are two overlapping events in here I have picked the first arriving wave on all stations, unable to separate out smaller event with a p around 02:12:30"
2019/03/07,02:12:30,No,Yes,2019p175921,Yes,4.57,4.56,No,N/A,,,
2019/03/07,02:16:45,No,No,N/A,No,N/A,N/A,No,N/A,,,
2019/03/07,02:20:56,No,No,N/A,No,N/A,N/A,No,N/A,,,
2019/03/07,02:27:38,Yes,N/A,2019p175954,Yes,5.26,5.23,Yes,"5 (mb)",,,
2019/03/07,02:40:26,No,No,N/A,No,N/A,N/A,No,N/A,,,
2019/03/07,02:45:29,No,No,N/A,No,4.04,4.43,No,N/A,,,
2019/03/07,02:48:37,No,No,N/A,No,N/A,N/A,No,N/A,,,
2019/03/07,02:54:34,No,No,N/A,No,N/A,N/A,No,N/A,,,"Very poor mainland arrivals, 4.23 ML"
2019/03/07,03:05:07,No,No,N/A,No,N/A,N/A,No,N/A,,,
2019/03/07,03:17:49,No,No,N/A,No,N/A,N/A,No,N/A,,,
2019/03/07,03:22:15,No,No,N/A,No,N/A,N/A,No,N/A,,,
2019/03/07,03:29:05,No,Yes,2019p176066,Yes,4.26,4.27,No,N/A,,,
2019/03/07,03:49:52,No,No,N/A,No,4.1,N/A,No,N/A,,,"Very poor mainland arrivals"
2019/03/07,03:53:43,No,Yes,2019p176112,Yes,4.43,4.57,No,N/A,,,"First of two events which have overlapping waveforms on mainland, the mb should be reasonably accurate as first p is clearly differentiated from rest of wavetrain on mainland"
2019/03/07,03:55:11,No,Yes,2019p176115,Yes,4.67,5.09,No,N/A,,,"Second of two events which overlapped on the mainland. Picked the p by measuring the p-p offset from Raoul and picking the p on the mainland at the same offset. Fixed mag to MLV as p from second event combined with s from first so mb picks very dodgy."
2019/03/07,04:13:25,No,No,,No,N/A,N/A,No,N/A,,,
2019/03/07,04:31:34,No,No,,No,N/A,N/A,No,N/A,,,
2019/03/07,04:34:02,No,No,,No,N/A,N/A,No,N/A,,,
2019/03/07,05:18:45,No,Yes,2019p176272,Yes,4.32,5.14,No,N/A,,,
2019/03/07,05:25:44,No,No,,No,N/A,N/A,No,N/A,,,
2019/03/07,05:47:57,Yes,N/A,2019p176334,Yes,5.29,N/A,No,N/A,,,
2019/03/07,05:51:35,No,No,N/A,No,N/A,4.36,No,N/A,,,"Some crappy mainland arrivals"
2019/03/07,06:02:19,No,No,,No,N/A,N/A,No,N/A,,,
2019/03/07,06:10:40,No,No,,No,N/A,N/A,No,N/A,,,
2019/03/07,06:30:38,No,Yes,2019p176407,Yes,4.65,4.45,No,N/A,,,
2019/03/07,06:41:02,No,No,,No,N/A,N/A,No,N/A,,,
2019/03/07,07:12:57,No,No,,No,N/A,N/A,No,N/A,,,
2019/03/07,07:14:05,Yes,N/A,2019p176495,Yes,N/A,4.65,No,N/A,,,
2019/03/07,07:21:02,No,No,N/A,No,4.28,4.65,No,N/A,,,"Some crappy mainland arrivals"
2019/03/07,07:30:39,No,No,,No,N/A,N/A,No,N/A,,,
2019/03/07,07:48:47,No,No,,No,N/A,N/A,No,N/A,,,
2019/03/07,07:56:57,Yes,N/A,2019p176572,Yes,4.8,4.77,No,N/A,,,
2019/03/07,08:03:21,No,Yes,2019p176581,Yes,4.29,4.43,No,N/A,,,"S phase of this event runs into p phase of second event. All magnitude picks made on p-phase only"
2019/03/07,08:03:49,No,No,2019p176581,Yes,N/A,N/A,No,N/A,,,"This event is mixed in with the wavetrain from event 2019p176581. Could not separate"
2019/03/07,08:11:18,No,Yes,2019p176596,Yes,4.73,4.65,No,N/A,,,"Event overlapping end of wave train of smaller event 19 secs earlier (p-picks on this waveform suggest this event may not be related to the swarm. Arrival on GLKZ is 08:10:43)"
2019/03/07,08:16:30,No,Yes,2019p176606,Yes,4.34,4.34,No,N/A,,,
2019/03/07,08:50:50,No,No,N/A,No,N/A,N/A,No,N/A,,,
2019/03/07,08:53:19,No,No,N/A,No,N/A,N/A,No,N/A,,,
2019/03/07,08:59:09,No,No,N/A,No,N/A,N/A,No,N/A,,,
2019/03/07,09:13:35,No,No,N/A,No,N/A,N/A,No,N/A,,,
2019/03/07,09:23:00,No,No,N/A,No,N/A,N/A,No,N/A,,,
2019/03/07,09:24:00,No,No,N/A,No,N/A,N/A,No,N/A,,,
2019/03/07,09:24:55,No,Yes,2019p176734,Yes,4.43,4.26,No,N/A,,,
2019/03/07,09:32:41,No,No,N/A,No,N/A,N/A,No,N/A,,,
2019/03/07,09:39:25,No,No,N/A,Yes,4.31,N/A,No,N/A,,,
2019/03/07,09:53:43,No,No,N/A,Yes,4.21,4.18,No,N/A,,,"Could only find 8 phases"
2019/03/07,10:09:10,No,No,N/A,Yes,4.19,4.28,No,N/A,,,"Only 10 dodgy picks"
2019/03/07,10:11:40,No,No,N/A,No,N/A,N/A,No,N/A,,,
2019/03/07,10:20:04,No,Yes,2019p176838,Yes,4.66,4.49,No,N/A,,,
2019/03/07,10:28:18,No,No,N/A,No,N/A,N/A,No,N/A,,,
2019/03/07,10:43:13,No,No,N/A,No,N/A,N/A,No,N/A,,,
2019/03/07,10:46:47,No,No,N/A,No,N/A,N/A,No,N/A,,,
2019/03/07,10:51:23,No,No,N/A,Yes,4.08,4.47,No,N/A,,,"Two events overlapping. Mag picks made form p-phase only"
2019/03/07,10:52:16,No,No,N/A,Yes,N/A,N/A,No,N/A,,,"Second event, picks overlapping on mainland stations"
2019/03/07,10:58:14,No,No,N/A,No,N/A,N/A,No,N/A,,,
2019/03/07,11:20:38,No,No,N/A,No,N/A,N/A,No,N/A,,,
2019/03/07,11:50:13,No,Yes,2019p177007,Yes,3.65,4.43,No,N/A,,,
2019/03/07,12:14:25,No,No,N/A,Yes,4.37,4.36,No,N/A,,,
2019/03/07,12:16:41,No,No,N/A,No,N/A,N/A,No,N/A,,,
2019/03/07,12:35:34,No,No,N/A,No,N/A,N/A,No,N/A,,,
2019/03/07,13:03:21,Yes,N/A,2019p177149,Yes,5.15,5.01,Yes,"4.9 mb",,,
2019/03/07,13:16:06,No,Yes,2019p177168,Yes,4.34,4.33,No,N/A,,,
2019/03/07,13:17:54,No,No,N/A,No,N/A,N/A,No,N/A,,,
2019/03/07,13:22:37,No,Yes,2019p177180,Yes,N/A,4.53,No,N/A,,,
2019/03/07,13:26:50,No,No,N/A,No,N/A,N/A,No,N/A,,,
2019/03/07,13:34:17,No,No,N/A,No,N/A,N/A,No,N/A,,,
2019/03/07,14:06:57,No,No,N/A,No,N/A,N/A,No,N/A,,,
2019/03/07,14:11:08,No,No,N/A,No,N/A,N/A,No,N/A,,,
2019/03/07,14:12:09,No,No,N/A,No,N/A,N/A,No,N/A,,,
2019/03/07,14:16:39,No,No,N/A,No,N/A,N/A,No,N/A,,,
2019/03/07,14:55:59,No,No,N/A,No,N/A,N/A,No,N/A,,,
2019/03/07,15:27:04,No,No,N/A,No,N/A,N/A,No,N/A,,,
2019/03/07,15:28:20,Yes,N/A,2019p177418,Yes,5.79,5.75,Yes,5.5,,,
2019/03/07,15:35:10,No,No,N/A,No,N/A,N/A,No,N/A,,,
2019/03/07,15:39:12,No,No,N/A,No,N/A,N/A,No,N/A,,,
2019/03/07,15:47:56,No,No,N/A,Yes,4.26,N/A,No,N/A,,,
2019/03/07,15:50:01,No,No,N/A,Yes,4.24,N/A,No,N/A,,,
2019/03/07,15:57:56,Yes,N/A,2019p177474,Yes,4.17,4.97,No,N/A,,,
2019/03/07,16:00:10,No,No,N/A,No,N/A,N/A,No,N/A,,,
2019/03/07,16:22:42,No,No,N/A,No,N/A,N/A,No,N/A,,,
2019/03/07,16:29:55,Yes,N/A,2019p177534,Yes,5.87,5.7,Yes,5.7,,,
2019/03/07,16:44:56,Yes,N/A,2019p177563,Yes,4.92,4.94,No,N/A,,,
2019/03/07,17:00:53,No,No,N/A,No,N/A,N/A,No,N/A,,,
2019/03/07,17:37:53,No,No,N/A,No,N/A,N/A,No,N/A,,,
2019/03/07,17:57:28,No,No,N/A,No,N/A,N/A,No,N/A,,,
2019/03/07,18:11:31,Yes,N/A,2019p177725,Yes,4.42,4.59,No,N/A,,,
2019/03/07,18:31:16,No,No,N/A,No,N/A,N/A,No,N/A,,,
2019/03/07,18:33:55,No,No,N/A,No,N/A,N/A,No,N/A,,,
2019/03/07,18:44:03,No,No,N/A,No,N/A,N/A,No,N/A,,,
2019/03/07,18:52:21,No,No,N/A,No,N/A,N/A,No,N/A,,,
2019/03/07,18:53:32,No,No,N/A,No,N/A,N/A,No,N/A,,,
2019/03/07,19:00:31,Yes,N/A,2019p177822,Yes,4.81,4.62,No,N/A,,,
2019/03/07,19:04:00,No,No,N/A,No,N/A,N/A,No,N/A,,,
2019/03/07,19:50:57,No,No,N/A,No,N/A,N/A,No,N/A,,,
2019/03/07,20:00:41,Yes,N/A,2019p177929,Yes,4.99,4.99,No,N/A,,,
2019/03/07,20:32:17,No,No,N/A,No,N/A,N/A,No,N/A,,,
2019/03/07,20:40:31,No,No,N/A,No,N/A,N/A,No,N/A,,,
2019/03/07,21:01:39,Yes,N/A,2019p178049,Yes,4.77,N/A,No,N/A,,,
2019/03/07,21:24:30,Yes,N/A,N/A,Yes,5.12,5.05,No,N/A,,,
2019/03/07,22:43:55,No,No,2019p180936,No,N/A,N/A,No,N/A,,,
2019/03/07,22:57:45,No,No,N/A,No,N/A,N/A,No,N/A,,,
2019/03/08,00:44:49,No,No,N/A,No,N/A,N/A,No,N/A,,,
2019/03/08,01:06:08,No,No,N/A,No,N/A,N/A,No,N/A,,,
2019/03/08,01:17:33,No,No,N/A,No,N/A,N/A,No,N/A,,,
2019/03/08,02:06:25,No,No,N/A,No,N/A,N/A,No,N/A,,,
2019/03/08,03:06:01,Yes,N/A,2019p178729,Yes,4.7,4.7,No,N/A,,,
2019/03/08,04:15:05,No,No,N/A,No,,,No,N/A,,,
2019/03/08,04:51:14,No,Yes,2019p178923,Yes,4.62,4.74,No,N/A,,,
2019/03/08,05:12:05,No,Yes,2019p178962,Yes,4.7,4.73,No,N/A,,,
2019/03/08,05:23:46,No,No,N/A,No,,,No,N/A,,,
2019/03/08,05:27:25,No,Yes,2019p178991,Yes,4.4,N/A,No,N/A,,,
2019/03/08,05:34:58,No,No,N/A,Yes,N/A,N/A,No,N/A,,,"On mainland but could only pick S phases so didn't commit. Best estimate MLv 4.2"
2019/03/08,06:16:43,No,No,N/A,No,N/A,N/A,No,N/A,,,
2019/03/08,06:18:19,No,No,N/A,No,N/A,N/A,No,N/A,,,
2019/03/08,06:22:18,No,No,N/A,No,N/A,N/A,No,N/A,,,
2019/03/08,06:48:51,No,No,N/A,No,N/A,N/A,No,N/A,,,
2019/03/08,07:07:01,No,No,N/A,,N/A,N/A,No,N/A,,,"None of the highlighted events below have been checked for whether they were detectable/locatable from the mainland'"
2019/03/08,07:13:25,No,No,N/A,,N/A,N/A,No,N/A,,,
2019/03/08,07:56:13,No,Yes,N/A,Yes,4.71,N/A,No,N/A,,,
2019/03/08,08:08:30,No,No,N/A,,N/A,N/A,No,N/A,,,
2019/03/08,08:12:46,No,No,N/A,,N/A,N/A,No,N/A,,,
2019/03/08,08:21:41,No,No,N/A,,N/A,N/A,No,N/A,,,
2019/03/08,08:46:13,No,No,N/A,,N/A,N/A,No,N/A,,,
2019/03/08,08:57:37,No,No,N/A,,N/A,N/A,No,N/A,,,
2019/03/08,08:58:19,No,No,N/A,,N/A,N/A,No,N/A,,,
2019/03/08,09:10:26,No,No,N/A,,N/A,N/A,No,N/A,,,
2019/03/08,09:30:30,Yes,N/A,2019p179455,Yes,4.1,4.69,No,N/A,,,"Much deeper than sequence events - might need to revisit?"
2019/03/08,09:48:45,Yes,N/A,2019p179484,Yes,5.08,4.93,No,N/A,,,
2019/03/08,10:03:16,No,No,N/A,,N/A,N/A,No,N/A,,,
2019/03/08,10:14:37,No,No,N/A,No,N/A,N/A,No,N/A,,,"Definitely won't be on mainland"
2019/03/08,10:20:46,Yes,N/A,2019p179549,Yes,4.74,5.04,No,N/A,,,
2019/03/08,10:30:31,No,No,N/A,,N/A,N/A,No,N/A,,,
2019/03/08,10:54:07,No,No,N/A,,N/A,N/A,No,N/A,,,
2019/03/08,10:57:07,No,No,N/A,,N/A,N/A,No,N/A,,,
2019/03/08,10:58:53,No,No,N/A,,N/A,N/A,No,N/A,,,
2019/03/08,11:15:26,No,No,N/A,,N/A,N/A,No,N/A,,,
2019/03/08,11:32:44,No,No,N/A,,N/A,N/A,No,N/A,,,
2019/03/08,11:52:17,No,No,N/A,,N/A,N/A,No,N/A,,,
2019/03/08,11:55:29,No,No,N/A,,N/A,N/A,No,N/A,,,
2019/03/08,11:58:00,Yes,N/A,2019p179726,Yes,5.82,5.42,Yes,5,,,
2019/03/08,12:07:58,Yes,N/A,2019p179749,Yes,4.85,N/A,No,N/A,,,
2019/03/08,12:12:11,No,No,N/A,,N/A,N/A,No,N/A,,,
2019/03/08,12:23:11,No,No,N/A,,N/A,N/A,No,N/A,,,
2019/03/08,12:48:30,No,No,N/A,,N/A,N/A,No,N/A,,,
2019/03/08,12:52:32,Yes,N/A,2019p179831,Yes,5.11,5.1,Yes,5,,,
2019/03/08,13:01:19,No,No,N/A,,N/A,N/A,No,N/A,,,
2019/03/08,13:17:15,No,No,N/A,,N/A,N/A,No,N/A,,,"Won't be on mainland"
2019/03/08,13:26:32,No,No,N/A,,N/A,N/A,No,N/A,,,
2019/03/08,13:42:27,No,No,N/A,,N/A,N/A,No,N/A,,,
2019/03/08,14:38:11,No,No,N/A,,N/A,N/A,No,N/A,,,
2019/03/08,15:04:33,No,No,N/A,,N/A,N/A,No,N/A,,,
2019/03/08,15:39:46,No,No,N/A,,N/A,N/A,No,N/A,,,
2019/03/08,16:26:17,No,No,N/A,,N/A,N/A,No,N/A,,,
2019/03/08,16:45:50,Yes,N/A,2019p180267,Yes,4.88,4.85,No,N/A,,,
2019/03/08,16:49:00,No,No,N/A,,N/A,N/A,No,N/A,,,
2019/03/08,17:06:06,No,No,N/A,,N/A,N/A,No,N/A,,,"Double event"
2019/03/08,17:09:45,Yes,N/A,2019p180312,Yes,4.32,4.41,No,N/A,,,
2019/03/08,17:14:31,No,No,N/A,,N/A,N/A,No,N/A,,,"Won't be on mainland"
2019/03/08,17:27:59,No,No,N/A,,N/A,N/A,No,N/A,,,
2019/03/08,17:34:04,No,No,N/A,,N/A,N/A,No,N/A,,,
2019/03/08,18:04:49,Yes,No,2019p180415,Yes,4.59,4.52,No,N/A,,,
2019/03/08,18:29:41,No,Yes,2019p180459,Yes,4.56,4.72,No,N/A,,,
2019/03/08,19:02:05,No,No,N/A,,N/A,N/A,No,N/A,,,"Won't be on mainland"
2019/03/08,19:06:18,No,No,N/A,,N/A,N/A,No,N/A,,,
2019/03/08,19:18:12,No,No,N/A,,N/A,N/A,No,N/A,,,
2019/03/08,20:41:30,No,No,N/A,,N/A,N/A,No,N/A,,,
2019/03/08,21:17:14,No,Yes,2019p180774,Yes,4.27,N/A,No,N/A,,,
2019/03/08,21:25:19,No,No,N/A,,N/A,N/A,No,N/A,,,"Might be too close to Raoul"
2019/03/08,21:30:57,No,No,N/A,,N/A,N/A,No,N/A,,,
2019/03/08,23:19:49,No,Yes,2019p181007,Yes,4.59,4.46,No,N/A,,,
2019/03/08,23:24:46,No,No,N/A,No,N/A,N/A,No,N/A,,,"Won't be on mainland"
2019/03/09,00:57:35,No,Yes,2019p181187,Yes,4.12,4.6,No,N/A,,,
2019/03/09,03:02:03,No,Yes,2019181421,Yes,4.2,N/A,No,N/A,,,
2019/03/09,05:00:05,No,no,no,No,N/A,N/A,No,N/A,,,
2019/03/09,08:04:55,No,no,no,No,N/A,N/A,No,N/A,,,
2019/03/09,08:47:06,No,no,no,No,N/A,N/A,No,N/A,,,
2019/03/09,09:29:51,No,no,no,No,N/A,N/A,No,N/A,,,
2019/03/09,11:28:08,No,No,No,No,N/A,N/A,No,N/A,148237.5,N/A,
2019/03/09,12:02:00,No,Yes,2019p182434,Yes,4.02,N/A,No,N/A,155016.5,558.1,
2019/03/09,12:09:43,No,No,No,No,N/A,N/A,No,N/A,154946,611.2,
2019/03/09,13:14:40,No,Yes,2019p182571,Yes,4.04,N/A,No,N/A,215074,443,
2019/03/09,13:33:10,No,,,,,,No,N/A,,,
2019/03/09,13:53:26,No,,,,,,No,N/A,,,
2019/03/09,16:25:55,Yes,N/A,2019p182934,Yes,5.24,5.08,Y,4.9,,,
2019/03/09,16:49:44,No,,,No,,,No,N/A,,,
2019/03/09,18:08:04,No,,,,,,No,N/A,,,"A double at GLKZ, P of bigger one probably starts @18:08:35, might be better seperation on mainland"
2019/03/09,19:07:20,No,,,,,,No,N/A,,,
2019/03/09,19:13:14,No,,,,,,No,N/A,,,
2019/03/09,19:33:18,No,,,,,,No,N/A,,,
2019/03/09,20:57:40,No,,,,,,No,N/A,,,
2019/03/09,21:24:00,No,,,,,,No,N/A,,,
2019/03/10,00:10:14,No,No,N/A,No,4.16,N/A,No,N/A,,,
2019/03/10,00:52:39,No,No,N/A,No,4.01,N/A,No,N/A,,,
2019/03/10,05:34:52,No,No,N/A,No,4.09,N/A,No,N/A,,,
2019/03/10,07:50:46,No,No,N/A,No,4.05,N/A,No,N/A,,,
2019/03/10,08:02:06,No,Yes,2019p184687,Yes,3.9,4.22,No,N/A,,,
2019/03/10,11:46:52,Yes,No,2019p185111,Yes,4.77,4.61,No,N/A,,,
2019/03/10,12:19:50,No,Yes,2019p185170,Yes,4.86,4.52,No,N/A,,,
2019/03/10,12:29:32,No,No,N/A,No,4.1,N/A,No,N/A,,,
2019/03/10,13:37:30,Yes,No,2019p185319,Yes,4.16,4.59,No,N/A,,,
2019/03/10,13:40:00,,,,,,,,,,,"Slightly shorter tace may not belong to swarm "
2019/03/10,18:33:10,,,,,,,,,,,
2019/03/10,22:14:40,,,,,,,,,,,
2019/03/10,23:26:00,,,,,,,,,,,
2019/03/10,23:33:32,,,,,,,,,,,
